Номер проектный,living room,room 1,room 2,bath,dressing room,stairs,bath 2,dressing room 2,Этаж,Тип планировки
348,"21,1",,,"4,4",,,,,3,Ст-1/л
349,"21,0",,,"4,4",,,,,3,Ст-1/п
350,"21,1",,,"4,4",,,,,3,Ст-1/л
351,"21,1",,,"4,4",,,,,3,Ст-1/п
352,"21,1",,,"4,4",,,,,3,Ст-1/л
353,"21,0",,,"4,4",,,,,3,Ст-1/п
354,"21,1",,,"4,4",,,,,3,Ст-1/л
355,"21,1",,,"4,4",,,,,3,Ст-1/п
356,"20,5",,,"4,3",,,,,3,Ст-1/л
357,"20,6",,,"4,4",,,,,3,Ст-1/п
358,"18,8",,,"4,5","2,1",,,,3,Кф-3/п
359,"17,8",,,"4,9",,,,,3,Км/л
360,"19,2",,,"4,5","2,1",,,,3,Кф-3/л
361,"10,1","22,7",,"4,3",,,,,3,1К-4/п
362,"20,1",,,"5,9",,,,,3,Ст-МГН-2
363,"21,3",,,"4,4",,,,,3,Ст-1/п
514,"15,0","16,3",,"4,6",,,,,5,1К-2/л/в
365,"21,1",,,"4,4",,,,,3,Ст-1/п
366,"21,0",,,"4,5",,,,,3,Ст-1/л
367,"21,1",,,"4,4",,,,,3,Ст-1/п
432,"18,3","20,7",,"3,6",,,,,4,1К-3/в
369,"14,6","17,8",,"5,0",,,,,3,1К-1/л
370,"25,6",,,"4,9",,,,,3,Ст-2
632,"18,3","20,8",,"3,6",,,,,6,1К-3/в
372,"22,8",,,"4,0",,,,,3,Ст-4
373,"19,3",,,"4,7",,,,,3,Ст-5
374,"20,6",,,"4,2",,,,,3,Ст-6
301,"22,1","11,1","12,8","5,1","3,1",,,,3,2К-1
302,"20,9","9,3",,"4,9",,,,,3,1К-Е-1/п
303,"20,1","9,2",,"4,9",,,,,3,1К-Е-1/л
304,"19,7",,,"3,9",,,,,3,Ст-1/п
305,"22,2",,,"4,9",,,,,3,Ст-1/л
306,"22,3",,,"4,9",,,,,3,Ст-1/п
307,"20,3",,,"4,2",,,,,3,Ст-1/л
308,"20,5",,,"4,2",,,,,3,Ст-1/п
561,"10,1","22,7",,"4,0",,,,,5,1К-4/п/в
310,"22,8","9,7",,"4,6",,,,,3,1К-Е-2
311,"21,0",,,"4,6","2,0",,,,3,Кф-1
523,"23,3","10,3",,"4,1",,,,,5,1К-Е-1/л/в
313,"15,1","18,2",,"4,9",,,,,3,1К-1/п
314,"15,0","16,3",,"4,9",,,,,3,1К-2/л
315,"15,1","18,3",,"4,9",,,,,3,1К-1/п
316,"20,8","10,3",,"4,4",,,,,3,1К-Е-1/п
317,"20,9","10,3",,"4,4",,,,,3,1К-Е-1/л
318,"20,8",,,"7,2",,,,,3,Кф-МГН-1/п
723,"23,2","10,3",,"4,1",,,,,7,1К-Е-1/л/в
1420,"23,3","10,3",,"4,1",,,,,14,1К-Е-1/л/в
321,"21,3",,,"5,4",,,,,3,Кф-2/л
322,"23,3","10,3",,"4,4",,,,,3,1К-Е-1/п
323,"23,2","10,3",,"4,4",,,,,3,1К-Е-1/л
324,"22,1",,,"5,1",,,,,3,Кф-2/л
325,"20,9","10,3",,"4,4",,,,,3,1К-Е-1/п
326,"20,9","10,4",,"4,4",,,,,3,1К-Е-1/л
327,"15,1","16,7",,"4,4",,,,,3,1К-2/л
328,"14,8","18,8",,"4,4",,,,,3,1К-1/п
329,"21,2",,,"5,4",,,,,3,Кф-2/л
330,"15,0","17,2",,"4,4",,,,,3,1К-2/п
331,"17,1","20,7","14,4","4,8",,,,,3,2К-3
332,"18,3","20,8",,"3,9",,,,,3,1К-3
333,"20,3",,,"4,0",,,,,3,Ст-1/п
334,"21,0",,,"4,5",,,,,3,Ст-1/л
335,"21,1",,,"4,4",,,,,3,Ст-1/п
422,"23,4","10,3",,"4,0",,,,,4,1К-Е-1/п/в
337,"21,2",,,"4,4",,,,,3,Ст-1/п
338,"21,1",,,"4,4",,,,,3,Ст-1/л
622,"23,4","10,3",,"4,0",,,,,6,1К-Е-1/п/в
340,"21,4",,,"4,4",,,,,3,Ст-1/л
341,"19,8",,,"5,8",,,,,3,Ст-МГН-1
342,"10,1","22,8",,"4,4",,,,,3,1К-4/л
343,"19,2",,,"4,5","2,2",,,,3,Кф-3/п
1319,"23,3","10,3",,"4,1",,,,,13,1К-Е-1/п/в
345,"18,8",,,"4,5","2,2",,,,3,Кф-3/л
346,"20,7",,,"4,4",,,,,3,Ст-1/л
347,"20,5",,,"4,3",,,,,3,Ст-1/п
448,"21,1",,,"4,0",,,,,4,Ст-1/л/в
449,"21,1",,,"4,0",,,,,4,Ст-1/п/в
450,"21,1",,,"4,0",,,,,4,Ст-1/л/в
451,"21,1",,,"4,0",,,,,4,Ст-1/п/в
452,"21,1",,,"4,0",,,,,4,Ст-1/л/в
453,"21,0",,,"4,0",,,,,4,Ст-1/п/в
454,"21,0",,,"4,1",,,,,4,Ст-1/л/в
455,"21,1",,,"4,0",,,,,4,Ст-1/п/в
456,"20,4",,,"3,9",,,,,4,Ст-1/л/в
457,"20,7",,,"4,0",,,,,4,Ст-1/п/в
458,"18,8",,,"4,3","2,1",,,,4,Кф-3/п/в
459,"17,8",,,"4,5",,,,,4,Км/л/в
460,"19,2",,,"4,3","2,1",,,,4,Кф-3/л/в
461,"10,1","22,8",,"3,9",,,,,4,1К-4/п/в
462,"20,1",,,"5,6",,,,,4,Ст-мгн-2/в
463,"21,3",,,"4,0",,,,,4,Ст-1/п/в
464,"21,2",,,"4,0",,,,,4,Ст-1/л/в
465,"21,1",,,"4,1",,,,,4,Ст-1/п/в
466,"21,1",,,"4,0",,,,,4,Ст-1/л/в
467,"21,1",,,"4,0",,,,,4,Ст-1/п/в
468,"20,8",,,"4,0",,,,,4,Ст-1/л/в
469,"14,7","17,8",,"4,5",,,,,4,1К-1/л/в
470,"25,5",,,"4,5",,,,,4,Ст-2/в
471,"25,1",,,"4,5",,,,,4,Ст-3/в
472,"22,8",,,"3,7",,,,,4,Ст-4/в
473,"19,3",,,"4,4",,,,,4,Ст-5/в
474,"20,6",,,"3,8",,,,,4,Ст-6/в
401,"22,3","11,1","12,7","4,8","3,1",,,,4,2К-1/в
402,"21,0","9,4",,"4,4",,,,,4,1К-Е-1/п/в
403,"20,0","9,3",,"4,5",,,,,4,1К-Е-1/л/в
404,"19,6",,,"3,5",,,,,4,Ст-1/п/в
405,"22,2",,,"4,6",,,,,4,Ст-1/л/в
406,"22,1",,,"4,5",,,,,4,Ст-1/п/в
407,"20,3",,,"3,8",,,,,4,Ст-1/л/в
408,"20,4",,,"3,8",,,,,4,Ст-1/п/в
409,"21,9","15,3","15,2","6,0",,,,,4,2К-2/в
410,"22,8","9,7",,"4,3",,,,,4,1К-Е-2/в
411,"21,1",,,"4,3","2,0",,,,4,Кф-1/в
312,"22,8","9,7",,"4,6",,,,,3,1К-Е-3
413,"15,1","18,2",,"4,5",,,,,4,1К-1/п/в
414,"15,0","16,3",,"4,5",,,,,4,1К-2/л/в
415,"15,1","18,2",,"4,6",,,,,4,1К-1/п/в
416,"21,0","10,3",,"4,0",,,,,4,1К-Е-1/п/в
417,"20,9","10,3",,"4,0",,,,,4,1К-Е-1/л/в
418,"20,8",,,"6,8",,,,,4,Кф-ИГН-1/п/в
412,"22,8","9,7",,"4,2",,,,,4,1К-Е-3/в
420,"20,9","11,4",,"5,1",,,,,4,1К-МГН-Е-1/л/в
421,"21,2",,,"5,0",,,,,4,Кф-2/л/в
512,"22,9","9,7",,"4,1",,,,,5,1К-Е-3/в
423,"23,3","10,3",,"4,0",,,,,4,1К-Е-1/л/в
424,"22,1",,,"4,6",,,,,4,Кф-2/л/в
425,"20,9","10,3",,"4,0",,,,,4,1К-Е-1/п/в
426,"21,0","10,3",,"4,1",,,,,4,1К-Е-1/л/в
427,"15,0","16,7",,"4,0",,,,,4,1К-2/л/в
428,"14,9","18,8",,"4,0",,,,,4,1К-1/п/в
429,"21,3",,,"5,0",,,,,4,Кф-2/л/в
430,"15,0","17,2",,"4,0",,,,,4,1К-2/п/в
431,"17,1","20,7","14,5","4,5",,,,,4,2К-3/в
712,"22,9","9,7",,"4,3",,,,,7,1К-Е-3/в
433,"20,2",,,"3,7",,,,,4,Ст-1/п/в
434,"20,9",,,"4,0",,,,,4,Ст-1/л/в
435,"21,0",,,"4,1",,,,,4,Ст-1/п/в
436,"20,8",,,"4,0",,,,,4,Ст-1/л/в
437,"21,1",,,"4,0",,,,,4,Ст-1/п/в
438,"21,0",,,"4,0",,,,,4,Ст-1/л/в
439,"21,0",,,"4,0",,,,,4,Ст-1/п/в
440,"21,2",,,"4,0",,,,,4,Ст-1/л/в
441,"19,7",,,"5,4",,,,,4,Ст-МГН-1/в
442,"10,1","22,7",,"3,9",,,,,4,1К-4/л/в
443,"19,2",,,"4,1","2,2",,,,4,Кф-3/п/в
812,"22,9","9,6",,"4,3",,,,,8,1К-Е-3/в
445,"18,7",,,"4,2","2,2",,,,4,Кф-3/л/в
446,"20,6",,,"4,0",,,,,4,Ст-1/л/в
447,"20,5",,,"3,9",,,,,4,Ст-1/п/в
548,"21,1",,,"4,1",,,,,5,Ст-1/л/в
549,"21,0",,,"4,1",,,,,5,Ст-1/п/в
550,"21,0",,,"4,1",,,,,5,Ст-1/л/в
551,"21,1",,,"4,1",,,,,5,Ст-1/п/в
552,"21,1",,,"4,0",,,,,5,Ст-1/л/в
553,"21,2",,,"4,1",,,,,5,Ст-1/п/в
554,"21,1",,,"4,1",,,,,5,Ст-1/л/в
555,"21,1",,,"4,0",,,,,5,Ст-1/п/в
926,"22,9","10,2",,"4,1","1,6",,,,9,1К-Е-4/в
1123,"22,9","10,3",,"4,1","1,5",,,,11,1К-Е-4/в
558,"18,7",,,"4,1","2,2",,,,5,Кф-3/п/в
559,"17,8",,,"4,5",,,,,5,Км/л/в
560,"19,2",,,"4,2","2,2",,,,5,Кф-3/л/в
2512,"25,6","9,6",,"4,2","3,0",,,,25,1К-Е-5/в
562,"20,2",,,"5,5",,,,,5,Ст-мгн-2/в
563,"21,2",,,"4,1",,,,,5,Ст-1/п/в
564,"21,3",,,"4,1",,,,,5,Ст-1/л/в
565,"21,1",,,"4,1",,,,,5,Ст-1/п/в
566,"21,1",,,"4,1",,,,,5,Ст-1/л/в
567,"21,0",,,"4,1",,,,,5,Ст-1/п/в
568,"20,9",,,"4,1",,,,,5,Ст-1/л/в
569,"14,6","17,8",,"4,6",,,,,5,1К-1/л/в
2712,"25,4","9,7",,"4,2","3,1",,,,27,1К-Е-5/в
2812,"25,6","9,7",,"4,3","3,1",,,,28,1К-Е-5/в
572,"22,8",,,"3,6",,,,,5,Ст-4/в
573,"19,2",,,"4,3",,,,,5,Ст-5/в
574,"20,5",,,"3,7",,,,,5,Ст-6/в
501,"22,3","11,1","12,8","4,7","3,1",,,,5,2К-1/в
502,"21,0","9,4",,"4,5",,,,,5,1К-Е-1/п/в
503,"20,0","9,3",,"4,5",,,,,5,1К-Е-1/л/в
504,"19,7",,,"3,4",,,,,5,Ст-1/п/в
320,"21,0","11,4",,"5,6",,,,,3,1К-МГН-Е-1/л
506,"22,2",,,"4,4",,,,,5,Ст-1/п/в
507,"20,4",,,"3,7",,,,,5,Ст-1/л/в
508,"20,4",,,"3,7",,,,,5,Ст-1/п/в
620,"21,0","11,5",,"5,2",,,,,6,1К-МГН-Е-1/л/в
510,"22,9","9,7",,"4,1",,,,,5,1К-Е-2/в
511,"21,1",,,"4,2","2,0",,,,5,Кф-1/в
820,"20,9","11,4",,"5,2",,,,,8,1К-МГН-Е-1/л/в
513,"15,2","18,2",,"4,6",,,,,5,1К-1/п/в
319,"20,9","11,4",,"5,6",,,,,3,1К-МГН-Е-1/п
515,"15,1","18,2",,"4,5",,,,,5,1К-1/п/в
516,"21,0","10,3",,"4,1",,,,,5,1К-Е-1/п/в
517,"20,9","10,3",,"4,1",,,,,5,1К-Е-1/л/в
518,"20,8",,,"6,8",,,,,5,Кф-ИГН-1/п/в
519,"21,0","11,5",,"5,3",,,,,5,1К-МГН-Е-1/п/в
520,"21,0","11,5",,"5,2",,,,,5,1К-МГН-Е-1/л/в
521,"21,2",,,"5,1",,,,,5,Кф-2/л/в
522,"23,5","10,3",,"4,1",,,,,5,1К-Е-1/п/в
419,"21,0","11,4",,"5,1",,,,,4,1К-МГН-Е-1/п/в
524,"22,0",,,"4,8",,,,,5,Кф-2/л/в
525,"20,9","10,3",,"4,0",,,,,5,1К-Е-1/п/в
526,"20,9","10,3",,"4,0",,,,,5,1К-Е-1/л/в
527,"15,1","16,7",,"4,1",,,,,5,1К-2/л/в
528,"14,9","18,7",,"4,0",,,,,5,1К-1/п/в
529,"21,2",,,"5,0",,,,,5,Кф-2/л/в
530,"15,0","17,2",,"4,0",,,,,5,1К-2/п/в
531,"17,2","20,7","14,4","4,4",,,,,5,2К-3/в
532,"18,4","20,7",,"3,5",,,,,5,1К-3/в
533,"20,3",,,"3,7",,,,,5,Ст-1/п/в
819,"20,8","11,4",,"5,2",,,,,8,1К-МГН-Е-1/п/в
535,"21,1",,,"4,1",,,,,5,Ст-1/п/в
536,"21,0",,,"4,1",,,,,5,Ст-1/л/в
537,"21,1",,,"4,0",,,,,5,Ст-1/п/в
538,"21,1",,,"4,0",,,,,5,Ст-1/л/в
539,"21,2",,,"4,1",,,,,5,Ст-1/п/в
540,"21,3",,,"4,1",,,,,5,Ст-1/л/в
541,"19,9",,,"5,5",,,,,5,Ст-МГН-1/в
542,"10,1","22,8",,"4,0",,,,,5,1К-4/л/в
543,"19,2",,,"4,2","2,1",,,,5,Кф-3/п/в
544,"17,8",,,"4,5",,,,,5,Км/п/в
545,"18,8",,,"4,2","2,1",,,,5,Кф-3/л/в
309,"21,8","15,2","15,3","6,3",,,,,3,2К-2
547,"20,4",,,"4,0",,,,,5,Ст-1/п/в
648,"21,0",,,"4,1",,,,,6,Ст-1/л/в
649,"21,0",,,"4,1",,,,,6,Ст-1/п/в
509,"21,9","15,3","15,2","5,8",,,,,5,2К-2/в
651,"21,1",,,"4,0",,,,,6,Ст-1/п/в
809,"21,9","15,3","15,2","6,0",,,,,8,2К-2/в
653,"21,1",,,"4,0",,,,,6,Ст-1/п/в
654,"21,0",,,"4,1",,,,,6,Ст-1/л/в
1009,"21,9","15,5","15,3","6,0",,,,,10,2К-2/в
656,"20,5",,,"3,9",,,,,6,Ст-1/л/в
657,"20,6",,,"4,1",,,,,6,Ст-1/п/в
658,"18,6",,,"4,2","2,2",,,,6,Кф-3/п/в
659,"17,8",,,"4,5",,,,,6,Км/л/в
660,"19,3",,,"4,2","2,2",,,,6,Кф-3/л/в
661,"10,1","22,7",,"4,0",,,,,6,1К-4/п/в
662,"20,1",,,"5,5",,,,,6,Ст-мгн-2/в
1309,"22,0","15,3","15,3","6,0",,,,,13,2К-2/в
664,"21,2",,,"4,0",,,,,6,Ст-1/л/в
665,"21,1",,,"4,1",,,,,6,Ст-1/п/в
2209,"22,0","15,3","15,2","6,0",,,,,22,2К-2/в
2409,"22,0","15,3","15,3","6,0",,,,,24,2К-2/в
344,"17,8",,,"4,9",,,,,3,Км/п
669,"14,7","17,8",,"4,6",,,,,6,1К-1/л/в
444,"17,8",,,"4,4",,,,,4,Км/п/в
644,"17,8",,,"4,5",,,,,6,Км/п/в
336,"21,1",,,"4,4",,,,,3,Ст-1/л
673,"19,3",,,"4,4",,,,,6,Ст-5/в
674,"20,6",,,"3,8",,,,,6,Ст-6/в
601,"22,2","11,1","12,8","4,7","3,1",,,,6,2К-1/в
602,"21,0","9,4",,"4,6",,,,,6,1К-Е-1/п/в
603,"20,0","9,2",,"4,5",,,,,6,1К-Е-1/л/в
604,"19,7",,,"3,5",,,,,6,Ст-1/п/в
605,"22,3",,,"4,5",,,,,6,Ст-1/л/в
606,"22,2",,,"4,5",,,,,6,Ст-1/п/в
607,"20,4",,,"3,8",,,,,6,Ст-1/л/в
608,"20,5",,,"3,8",,,,,6,Ст-1/п/в
609,"21,9","15,4","15,3","6,0",,,,,6,2К-2/в
610,"22,9","9,7",,"4,2",,,,,6,1К-Е-2/в
611,"21,1",,,"4,2","2,0",,,,6,Кф-1/в
612,"22,9","9,7",,"4,2",,,,,6,1К-Е-3/в
613,"15,1","18,2",,"4,5",,,,,6,1К-1/п/в
614,"15,0","16,4",,"4,6",,,,,6,1К-2/л/в
615,"15,0","18,2",,"4,6",,,,,6,1К-1/п/в
616,"20,9","10,3",,"4,1",,,,,6,1К-Е-1/п/в
617,"20,9","10,3",,"4,0",,,,,6,1К-Е-1/л/в
618,"20,8",,,"6,8",,,,,6,Кф-ИГН-1/п/в
619,"20,9","11,5",,"5,2",,,,,6,1К-МГН-Е-1/п/в
364,"21,3",,,"4,4",,,,,3,Ст-1/л
621,"21,4",,,"5,0",,,,,6,Кф-2/л/в
368,"21,0",,,"4,4",,,,,3,Ст-1/л
623,"23,3","10,3",,"4,1",,,,,6,1К-Е-1/л/в
624,"22,0",,,"4,7",,,,,6,Кф-2/л/в
625,"20,9","10,3",,"4,1",,,,,6,1К-Е-1/п/в
626,"20,9","10,3",,"4,0",,,,,6,1К-Е-1/л/в
627,"15,1","16,6",,"4,1",,,,,6,1К-2/л/в
628,"14,9","18,7",,"4,0",,,,,6,1К-1/п/в
629,"21,2",,,"5,1",,,,,6,Кф-2/л/в
630,"14,9","17,2",,"4,0",,,,,6,1К-2/п/в
631,"17,0","20,8","14,5","4,5",,,,,6,2К-3/в
505,"22,2",,,"4,4",,,,,5,Ст-1/л/в
633,"20,3",,,"3,6",,,,,6,Ст-1/п/в
634,"21,1",,,"4,0",,,,,6,Ст-1/л/в
635,"21,1",,,"4,0",,,,,6,Ст-1/п/в
636,"21,0",,,"4,0",,,,,6,Ст-1/л/в
637,"21,0",,,"4,0",,,,,6,Ст-1/п/в
638,"21,2",,,"4,0",,,,,6,Ст-1/л/в
639,"21,2",,,"4,0",,,,,6,Ст-1/п/в
640,"21,3",,,"4,1",,,,,6,Ст-1/л/в
641,"19,9",,,"5,5",,,,,6,Ст-МГН-1/в
642,"10,1","22,8",,"4,0",,,,,6,1К-4/л/в
643,"19,3",,,"4,2","2,1",,,,6,Кф-3/п/в
534,"21,1",,,"4,0",,,,,5,Ст-1/л/в
645,"18,8",,,"4,2","2,1",,,,6,Кф-3/л/в
646,"20,7",,,"4,0",,,,,6,Ст-1/л/в
647,"20,5",,,"4,0",,,,,6,Ст-1/п/в
748,"20,8",,,"4,1",,,,,7,Ст-1/л/в
749,"20,9",,,"4,1",,,,,7,Ст-1/п/в
750,"20,9",,,"4,0",,,,,7,Ст-1/л/в
751,"21,0",,,"4,1",,,,,7,Ст-1/п/в
752,"20,9",,,"4,1",,,,,7,Ст-1/л/в
753,"21,0",,,"4,1",,,,,7,Ст-1/п/в
754,"20,8",,,"4,1",,,,,7,Ст-1/л/в
755,"20,9",,,"4,1",,,,,7,Ст-1/п/в
756,"20,3",,,"4,0",,,,,7,Ст-1/л/в
757,"20,5",,,"4,1",,,,,7,Ст-1/п/в
758,"18,5",,,"4,2","2,1",,,,7,Кф-3/п/в
759,"17,6",,,"4,6",,,,,7,Км/л/в
760,"19,0",,,"4,2","2,1",,,,7,Кф-3/л/в
761,"10,0","22,6",,"4,0",,,,,7,1К-4/п/в
762,"19,9",,,"5,6",,,,,7,Ст-мгн-2/в
763,"21,3",,,"4,1",,,,,7,Ст-1/п/в
764,"21,2",,,"4,0",,,,,7,Ст-1/л/в
765,"21,0",,,"4,1",,,,,7,Ст-1/п/в
766,"21,0",,,"4,1",,,,,7,Ст-1/л/в
767,"21,0",,,"4,1",,,,,7,Ст-1/п/в
768,"20,9",,,"4,1",,,,,7,Ст-1/л/в
769,"14,7","17,8",,"4,6",,,,,7,1К-1/л/в
770,"25,5",,,"4,5",,,,,7,Ст-2/в
771,"25,1",,,"4,5",,,,,7,Ст-3/в
772,"22,9",,,"3,7",,,,,7,Ст-4/в
773,"19,3",,,"4,4",,,,,7,Ст-5/в
774,"20,7",,,"3,8",,,,,7,Ст-6/в
701,"22,0","11,1","12,9","4,8","3,1",,,,7,2К-1/в
702,"21,0","9,5",,"4,6",,,,,7,1К-Е-1/п/в
703,"20,2","9,3",,"4,6",,,,,7,1К-Е-1/л/в
704,"19,6",,,"3,5",,,,,7,Ст-1/п/в
705,"22,3",,,"4,6",,,,,7,Ст-1/л/в
706,"22,3",,,"4,5",,,,,7,Ст-1/п/в
707,"20,4",,,"3,8",,,,,7,Ст-1/л/в
708,"20,5",,,"3,8",,,,,7,Ст-1/п/в
709,"21,9","15,3","15,3","6,0",,,,,7,2К-2/в
710,"22,9","9,7",,"4,3",,,,,7,1К-Е-2/в
711,"21,0",,,"4,3","2,0",,,,7,Кф-1/в
546,"20,7",,,"4,1",,,,,5,Ст-1/л/в
713,"15,0","18,2",,"4,6",,,,,7,1К-1/п/в
714,"15,0","16,3",,"4,6",,,,,7,1К-2/л/в
715,"15,1","18,2",,"4,6",,,,,7,1К-1/п/в
716,"20,9","10,3",,"4,1",,,,,7,1К-Е-1/п/в
717,"20,8","10,3",,"4,1",,,,,7,1К-Е-1/л/в
718,"20,7",,,"6,8",,,,,7,Кф-ИГН-1/п/в
719,"20,9","11,5",,"5,2",,,,,7,1К-МГН-Е-1/п/в
720,"20,9","11,5",,"5,2",,,,,7,1К-МГН-Е-1/л/в
721,"21,2",,,"5,1",,,,,7,Кф-2/л/в
722,"23,2","10,3",,"4,0",,,,,7,1К-Е-1/п/в
556,"20,4",,,"4,0",,,,,5,Ст-1/л/в
724,"22,0",,,"4,7",,,,,7,Кф-2/л/в
725,"20,7","10,3",,"4,1",,,,,7,1К-Е-1/п/в
726,"20,8","10,3",,"4,1",,,,,7,1К-Е-1/л/в
727,"15,0","16,6",,"4,1",,,,,7,1К-2/л/в
728,"14,8","18,7",,"4,1",,,,,7,1К-1/п/в
729,"21,2",,,"5,1",,,,,7,Кф-2/л/в
730,"14,7","17,2",,"4,1",,,,,7,1К-2/п/в
731,"16,9","20,7","14,4","4,5",,,,,7,2К-3/в
732,"18,1","20,7",,"3,6",,,,,7,1К-3/в
733,"20,2",,,"3,7",,,,,7,Ст-1/п/в
734,"20,9",,,"4,1",,,,,7,Ст-1/л/в
735,"20,9",,,"4,1",,,,,7,Ст-1/п/в
736,"20,9",,,"4,1",,,,,7,Ст-1/л/в
737,"20,9",,,"4,1",,,,,7,Ст-1/п/в
738,"20,9",,,"4,1",,,,,7,Ст-1/л/в
739,"21,1",,,"4,1",,,,,7,Ст-1/п/в
740,"21,3",,,"4,1",,,,,7,Ст-1/л/в
741,"19,6",,,"5,5",,,,,7,Ст-МГН-1/в
742,"10,0","22,6",,"4,0",,,,,7,1К-4/л/в
743,"18,9",,,"4,2","2,1",,,,7,Кф-3/п/в
744,"17,6",,,"4,6",,,,,7,Км/п/в
745,"18,7",,,"4,2","2,1",,,,7,Кф-3/л/в
746,"20,5",,,"4,1",,,,,7,Ст-1/л/в
747,"20,3",,,"4,0",,,,,7,Ст-1/п/в
835,"21,0",,,"4,0",,,,,8,Ст-1/л/в
836,"21,0",,,"4,0",,,,,8,Ст-1/п/в
837,"21,0",,,"4,1",,,,,8,Ст-1/л/в
838,"21,0",,,"4,1",,,,,8,Ст-1/п/в
839,"21,0",,,"4,1",,,,,8,Ст-1/л/в
840,"20,9",,,"4,0",,,,,8,Ст-1/п/в
841,"20,9",,,"4,0",,,,,8,Ст-1/л/в
650,"21,1",,,"4,0",,,,,6,Ст-1/л/в
843,"20,2",,,"4,0",,,,,8,Ст-1/л/в
844,"20,5",,,"4,1",,,,,8,Ст-1/п/в
845,"18,6",,,"4,2","2,1",,,,8,Кф-3/п/в
846,"17,6",,,"4,5",,,,,8,Км/л/в
847,"18,9",,,"4,2","2,1",,,,8,Кф-3/л/в
848,"10,0","22,7",,"4,0",,,,,8,1К-4/п/в
849,"20,0",,,"5,6",,,,,8,Ст-МГН-2/в
850,"21,3",,,"4,0",,,,,8,Ст-1/п/в
851,"21,0",,,"4,1",,,,,8,Ст-1/л/в
852,"20,8",,,"4,1",,,,,8,Ст-1/п/в
853,"21,1",,,"4,1",,,,,8,Ст-1/л/в
854,"21,0",,,"4,1",,,,,8,Ст-1/п/в
855,"20,8",,,"4,1",,,,,8,Ст-1/л/в
856,"14,7","17,8",,"4,5",,,,,8,1К-1/л/в
857,"25,5",,,"4,5",,,,,8,Ст-2/в
858,"25,1",,,"4,5",,,,,8,Ст-3/в
859,"22,9",,,"3,7",,,,,8,Ст-4/в
860,"19,3",,,"4,4",,,,,8,Ст-5/в
861,"20,6",,,"3,8",,,,,8,Ст-6/в
801,"22,2","11,1","12,8","4,8","3,1",,,,8,2К-1/в
802,"21,1","9,4",,"4,6",,,,,8,1К-Е-1/п/в
803,"20,1","9,2",,"4,6",,,,,8,1К-Е-1/л/в
804,"19,7",,,"3,5",,,,,8,Ст-1/п/в
805,"22,2",,,"4,5",,,,,8,Ст-1/л/в
652,"21,1",,,"4,0",,,,,6,Ст-1/л/в
807,"20,5",,,"3,8",,,,,8,Ст-1/л/в
808,"20,5",,,"3,8",,,,,8,Ст-1/п/в
666,"21,1",,,"4,1",,,,,6,Ст-1/л/в
810,"22,9","9,7",,"4,2",,,,,8,1К-Е-2/в
811,"21,1",,,"4,3","2,0",,,,8,Кф-1/в
668,"20,9",,,"4,0",,,,,6,Ст-1/л/в
813,"15,0","18,2",,"4,6",,,,,8,1К-1/п/в
814,"14,9","16,3",,"4,5",,,,,8,1К-2/л/в
815,"14,9","18,2",,"4,5",,,,,8,1К-1/п/в
816,"20,8","10,2",,"4,1",,,,,8,1К-Е-1/п/в
817,"20,7","10,3",,"4,1",,,,,8,1К-Е-1/л/в
818,"20,7",,,"6,8",,,,,8,Кф-МГН-1/п/в
1005,"22,4",,,"4,6",,,,,10,Ст-1/л/в
1424,"21,3",,,"4,1",,,,,14,Ст-1/л/в
821,"21,3",,,"5,1",,,,,8,Кф-2/л/в
822,"23,1","10,3",,"4,0",,,,,8,1К-Е-1/п/в
823,"23,2","10,3",,"4,1",,,,,8,1К-Е-1/л/в
824,"22,0",,,"4,8",,,,,8,Кф-2/л/в
825,"20,7","10,3",,"4,0",,,,,8,1К-Е-1/п/в
826,"22,8","10,3",,"4,1","1,6",,,,8,1К-Е-4/в
827,"21,1",,,"4,0",,,,,8,Ст-1/л/в
828,"19,6",,,"5,5",,,,,8,Ст-МГН-1/в
829,"10,0","22,7",,"4,0",,,,,8,1К-4/л/в
830,"19,2",,,"4,2","2,1",,,,8,Кф-3/п/в
831,"17,7",,,"4,6",,,,,8,Км/п/в
832,"18,7",,,"4,2","2,1",,,,8,Кф-3/л/в
833,"20,5",,,"4,0",,,,,8,Ст-1/л/в
834,"20,4",,,"4,0",,,,,8,Ст-1/п/в
935,"20,8",,,"4,1",,,,,9,Ст-1/л/в
936,"21,0",,,"4,1",,,,,9,Ст-1/п/в
937,"20,8",,,"4,1",,,,,9,Ст-1/л/в
938,"20,9",,,"4,1",,,,,9,Ст-1/п/в
939,"20,9",,,"4,0",,,,,9,Ст-1/л/в
940,"20,8",,,"4,1",,,,,9,Ст-1/п/в
941,"20,7",,,"4,1",,,,,9,Ст-1/л/в
942,"20,9",,,"4,1",,,,,9,Ст-1/п/в
943,"20,5",,,"4,0",,,,,9,Ст-1/л/в
944,"20,5",,,"4,1",,,,,9,Ст-1/п/в
945,"18,7",,,"4,2","2,1",,,,9,Кф-3/п/в
946,"17,7",,,"4,6",,,,,9,Км/л/в
947,"19,1",,,"4,2","2,1",,,,9,Кф-3/л/в
948,"10,1","22,7",,"4,0",,,,,9,1К-4/п/в
949,"20,1",,,"5,6",,,,,9,Ст-МГН-2/в
950,"21,3",,,"4,1",,,,,9,Ст-1/п/в
951,"21,0",,,"4,1",,,,,9,Ст-1/л/в
952,"21,0",,,"4,1",,,,,9,Ст-1/п/в
953,"21,0",,,"4,1",,,,,9,Ст-1/л/в
954,"21,0",,,"4,1",,,,,9,Ст-1/п/в
955,"20,9",,,"4,1",,,,,9,Ст-1/л/в
956,"14,6","17,8",,"4,5",,,,,9,1К-1/л/в
957,"25,6",,,"4,6",,,,,9,Ст-2/в
958,"25,2",,,"4,5",,,,,9,Ст-3/в
959,"22,8",,,"3,6",,,,,9,Ст-4/в
960,"19,3",,,"4,4",,,,,9,Ст-5/в
961,"20,6",,,"3,8",,,,,9,Ст-6/в
901,"22,1","11,1","12,8","4,8","3,1",,,,9,2К-1/в
902,"21,0","9,4",,"4,6",,,,,9,1К-Е-1/п/в
903,"20,1","9,2",,"4,5",,,,,9,1К-Е-1/л/в
904,"19,7",,,"3,5",,,,,9,Ст-1/п/в
905,"22,3",,,"4,6",,,,,9,Ст-1/л/в
906,"22,3",,,"4,5",,,,,9,Ст-1/п/в
907,"20,4",,,"3,8",,,,,9,Ст-1/л/в
908,"20,5",,,"3,8",,,,,9,Ст-1/п/в
909,"21,9","15,3","15,2","6,0",,,,,9,2К-2/в
910,"22,9","9,7",,"4,2",,,,,9,1К-Е-2/в
911,"21,1",,,"4,2","2,0",,,,9,Кф-1/в
912,"22,8","9,7",,"4,3",,,,,9,1К-Е-3/в
913,"15,0","18,1",,"4,6",,,,,9,1К-1/п/в
914,"15,0","16,3",,"4,6",,,,,9,1К-2/л/в
915,"15,1","18,2",,"4,6",,,,,9,1К-1/п/в
916,"20,9","10,3",,"4,1",,,,,9,1К-Е-1/п/в
917,"20,7","10,3",,"4,1",,,,,9,1К-Е-1/л/в
918,"20,7",,,"6,8",,,,,9,Кф-МГН-1/п/в
919,"20,9","11,4",,"5,2",,,,,9,1К-МГН-Е-1/п/в
920,"20,9","11,4",,"5,2",,,,,9,1К-МГН-Е-1/л/в
921,"21,2",,,"5,0",,,,,9,Кф-2/л/в
922,"23,1","10,3",,"4,1",,,,,9,1К-Е-1/п/в
923,"23,2","10,3",,"4,1",,,,,9,1К-Е-1/л/в
924,"22,0",,,"4,7",,,,,9,Кф-2/л/в
925,"20,8","10,3",,"4,1",,,,,9,1К-Е-1/п/в
339,"21,2",,,"4,4",,,,,3,Ст-1/п
927,"21,2",,,"4,1",,,,,9,Ст-1/л/в
928,"19,7",,,"5,5",,,,,9,Ст-МГН-1/в
929,"10,1","22,7",,"4,0",,,,,9,1К-4/л/в
930,"19,2",,,"4,3","2,1",,,,9,Кф-3/п/в
931,"17,7",,,"4,6",,,,,9,Км/п/в
932,"18,7",,,"4,3","2,1",,,,9,Кф-3/л/в
933,"20,6",,,"4,1",,,,,9,Ст-1/л/в
934,"20,3",,,"4,0",,,,,9,Ст-1/п/в
1035,"21,0",,,"4,1",,,,,10,Ст-1/л/в
1036,"20,9",,,"4,1",,,,,10,Ст-1/п/в
1037,"20,9",,,"4,1",,,,,10,Ст-1/л/в
1038,"20,9",,,"4,1",,,,,10,Ст-1/п/в
1039,"20,9",,,"4,1",,,,,10,Ст-1/л/в
1040,"20,9",,,"4,1",,,,,10,Ст-1/п/в
1041,"20,9",,,"4,1",,,,,10,Ст-1/л/в
1042,"21,0",,,"4,1",,,,,10,Ст-1/п/в
1043,"20,4",,,"4,0",,,,,10,Ст-1/л/в
1044,"20,5",,,"4,1",,,,,10,Ст-1/п/в
1045,"18,7",,,"4,3","2,0",,,,10,Кф-3/п/в
1046,"17,7",,,"4,6",,,,,10,Км/л/в
1047,"19,1",,,"4,3","2,0",,,,10,Кф-3/л/в
1048,"9,8","22,8",,"4,0",,,,,10,1К-4/п/в
1049,"20,1",,,"5,6",,,,,10,Ст-МГН-2/в
1050,"21,3",,,"4,1",,,,,10,Ст-1/п/в
1051,"21,0",,,"4,1",,,,,10,Ст-1/л/в
1052,"20,9",,,"4,1",,,,,10,Ст-1/п/в
1053,"20,9",,,"4,1",,,,,10,Ст-1/л/в
1054,"20,9",,,"4,1",,,,,10,Ст-1/п/в
1055,"20,7",,,"4,1",,,,,10,Ст-1/л/в
1056,"14,5","17,7",,"4,6",,,,,10,1К-1/л/в
1057,"25,6",,,"4,6",,,,,10,Ст-2/в
1058,"25,3",,,"4,6",,,,,10,Ст-3/в
1059,"22,7",,,"3,7",,,,,10,Ст-4/в
1060,"19,3",,,"4,4",,,,,10,Ст-5/в
1061,"20,6",,,"3,8",,,,,10,Ст-6/в
1001,"22,3","11,1","12,8","4,8","3,1",,,,10,2К-1/в
1002,"21,0","9,4",,"4,5",,,,,10,1К-Е-1/п/в
1003,"20,1","9,3",,"4,5",,,,,10,1К-Е-1/л/в
1004,"19,7",,,"3,5",,,,,10,Ст-1/п/в
557,"20,6",,,"4,1",,,,,5,Ст-1/п/в
1006,"22,2",,,"4,6",,,,,10,Ст-1/п/в
1007,"20,5",,,"3,8",,,,,10,Ст-1/л/в
1008,"20,6",,,"3,8",,,,,10,Ст-1/п/в
655,"21,1",,,"4,0",,,,,6,Ст-1/п/в
1010,"22,9","9,7",,"4,2",,,,,10,1К-Е-2/в
1011,"21,0",,,"4,2","2,0",,,,10,Кф-1/в
1012,"22,8","9,7",,"4,2",,,,,10,1К-Е-3/в
1013,"15,0","18,2",,"4,6",,,,,10,1К-1/п/в
1014,"14,9","16,3",,"4,6",,,,,10,1К-2/л/в
1015,"15,0","18,2",,"4,6",,,,,10,1К-1/п/в
1016,"20,7","10,2",,"4,0",,,,,10,1К-Е-1/п/в
1017,"20,7","10,3",,"4,1",,,,,10,1К-Е-1/л/в
1018,"20,8",,,"6,8",,,,,10,Кф-МГН-1/п/в
1019,"20,9","11,4",,"5,2",,,,,10,1К-МГН-Е-1/п/в
1020,"20,9","11,4",,"5,2",,,,,10,1К-МГН-Е-1/л/в
1021,"21,3",,,"5,1",,,,,10,Кф-2/л/в
1022,"23,2","10,3",,"4,1",,,,,10,1К-Е-1/п/в
1023,"23,2","10,3",,"4,1",,,,,10,1К-Е-1/л/в
1024,"21,9",,,"4,8",,,,,10,Кф-2/л/в
1025,"20,8","10,3",,"4,1",,,,,10,1К-Е-1/п/в
1026,"23,0","10,3",,"4,1","1,5",,,,10,1К-Е-4/в
1027,"21,3",,,"4,1",,,,,10,Ст-1/л/в
1028,"19,7",,,"5,5",,,,,10,Ст-МГН-1/в
1029,"10,1","22,7",,"4,0",,,,,10,1К-4/л/в
1030,"19,1",,,"4,3","2,1",,,,10,Кф-3/п/в
1031,"17,8",,,"4,5",,,,,10,Км/п/в
1032,"18,5",,,"4,2","2,1",,,,10,Кф-3/л/в
1033,"20,7",,,"4,1",,,,,10,Ст-1/л/в
1034,"20,4",,,"4,0",,,,,10,Ст-1/п/в
1132,"21,0",,,"4,1",,,,,11,Ст-1/л/в
1133,"20,9",,,"4,0",,,,,11,Ст-1/п/в
1134,"21,0",,,"4,1",,,,,11,Ст-1/л/в
1135,"21,0",,,"4,1",,,,,11,Ст-1/п/в
1136,"20,9",,,"4,0",,,,,11,Ст-1/л/в
1137,"20,9",,,"4,0",,,,,11,Ст-1/п/в
1138,"21,0",,,"4,1",,,,,11,Ст-1/л/в
663,"21,2",,,"4,0",,,,,6,Ст-1/п/в
1140,"20,4",,,"4,0",,,,,11,Ст-1/л/в
1141,"20,6",,,"4,1",,,,,11,Ст-1/п/в
1142,"18,8",,,"4,3","2,1",,,,11,Кф-3/п/в
1143,"17,7",,,"4,6",,,,,11,Км/л/в
1144,"19,1",,,"4,2","2,1",,,,11,Кф-3/л/в
1145,"10,0","22,7",,"4,0",,,,,11,1К-4/п/в
1146,"20,1",,,"5,5",,,,,11,Ст-МГН-2/в
1147,"21,2",,,"4,1",,,,,11,Ст-1/п/в
1113,"20,8","10,3",,"4,1",,,,,11,1К-Е-1/п/в
1114,"20,8","10,3",,"4,1",,,,,11,1К-Е-1/л/в
1115,"20,7",,,"6,8",,,,,11,Кф-МГН-1/п/в
1116,"20,9","11,5",,"5,2",,,,,11,1К-МГН-Е-1/п/в
1117,"20,9","11,5",,"5,2",,,,,11,1К-МГН-Е-1/л/в
1118,"21,2",,,"5,1",,,,,11,Кф-2/л/в
1119,"23,2","10,3",,"4,0",,,,,11,1К-Е-1/п/в
1120,"23,2","10,3",,"4,1",,,,,11,1К-Е-1/л/в
1121,"22,0",,,"4,7",,,,,11,Кф-2/л/в
1122,"20,8","10,2",,"4,1",,,,,11,1К-Е-1/п/в
667,"21,1",,,"4,1",,,,,6,Ст-1/п/в
1124,"21,2",,,"4,0",,,,,11,Ст-1/л/в
1125,"19,7",,,"5,5",,,,,11,Ст-МГН-1/в
1126,"10,0","22,7",,"4,0",,,,,11,1К-4/л/в
1127,"19,0",,,"4,2","2,1",,,,11,Кф-3/п/в
1128,"17,7",,,"4,5",,,,,11,Км/п/в
1129,"18,6",,,"4,2","2,1",,,,11,Кф-3/л/в
1130,"20,6",,,"4,1",,,,,11,Ст-1/л/в
1131,"20,4",,,"4,0",,,,,11,Ст-1/п/в
1148,"25,6",,,"4,5",,,,,11,Ст-2/в
1149,"25,2",,,"4,5",,,,,11,Ст-3/в
1150,"22,8",,,"3,6",,,,,11,Ст-4/в
1151,"19,4",,,"4,4",,,,,11,Ст-5/в
1152,"20,6",,,"3,8",,,,,11,Ст-6/в
1101,"22,3","11,1","12,8","4,8","3,1",,,,11,2К-1/в
1102,"21,1","9,4",,"4,5",,,,,11,1К-Е-1/п/в
1103,"20,2","9,2",,"4,5",,,,,11,1К-Е-1/л/в
1104,"19,7",,,"3,5",,,,,11,Ст-1/п/в
1105,"22,3",,,"4,6",,,,,11,Ст-1/л/в
1106,"22,4",,,"4,6",,,,,11,Ст-1/п/в
1107,"20,4",,,"3,8",,,,,11,Ст-1/л/в
1108,"20,5",,,"3,8",,,,,11,Ст-1/п/в
1109,"21,9","15,3","15,3","6,0",,,,,11,2К-2/в
1110,"22,9","9,7",,"4,2",,,,,11,1К-Е-2/в
1111,"21,0",,,"4,3","2,0",,,,11,Кф-1/в
1112,"25,5","9,7",,"4,2","3,1",,,,11,1К-Е-5/в
1232,"20,9",,,"4,1",,,,,12,Ст-1/л/в
1233,"20,9",,,"4,1",,,,,12,Ст-1/п/в
1234,"21,0",,,"4,1",,,,,12,Ст-1/л/в
1235,"20,9",,,"4,1",,,,,12,Ст-1/п/в
1236,"20,9",,,"4,0",,,,,12,Ст-1/л/в
1237,"21,0",,,"4,0",,,,,12,Ст-1/п/в
1238,"20,9",,,"4,1",,,,,12,Ст-1/л/в
1239,"21,0",,,"4,1",,,,,12,Ст-1/п/в
1240,"20,5",,,"3,9",,,,,12,Ст-1/л/в
1241,"20,6",,,"4,1",,,,,12,Ст-1/п/в
1242,"18,8",,,"4,2","2,1",,,,12,Кф-3/п/в
1243,"17,7",,,"4,5",,,,,12,Км/л/в
1244,"19,3",,,"4,2","2,1",,,,12,Кф-3/л/в
1245,"10,1","22,8",,"3,9",,,,,12,1К-4/п/в
1246,"20,0",,,"5,5",,,,,12,Ст-МГН-2/в
1247,"21,3",,,"4,1",,,,,12,Ст-1/п/в
1213,"20,9","10,3",,"4,0",,,,,12,1К-Е-1/п/в
1214,"20,9","10,3",,"4,1",,,,,12,1К-Е-1/л/в
1215,"20,8",,,"6,8",,,,,12,Кф-МГН-1/п/в
1216,"20,9","11,4",,"5,2",,,,,12,1К-МГН-Е-1/п/в
1217,"20,8","11,4",,"5,2",,,,,12,1К-МГН-Е-1/л/в
1218,"21,3",,,"5,1",,,,,12,Кф-2/л/в
1219,"23,2","10,3",,"4,0",,,,,12,1К-Е-1/п/в
1220,"23,2","10,3",,"4,1",,,,,12,1К-Е-1/л/в
1221,"22,0",,,"4,8",,,,,12,Кф-2/л/в
1222,"20,6","10,2",,"4,1",,,,,12,1К-Е-1/п/в
1223,"22,8","10,3",,"4,1","1,6",,,,12,1К-Е-4/в
1224,"21,2",,,"4,1",,,,,12,Ст-1/л/в
1225,"19,7",,,"5,5",,,,,12,Ст-МГН-1/в
1226,"10,1","22,7",,"3,9",,,,,12,1К-4/л/в
1227,"19,0",,,"4,2","2,1",,,,12,Кф-3/п/в
1228,"17,7",,,"4,5",,,,,12,Км/п/в
1229,"18,7",,,"4,2","2,1",,,,12,Кф-3/л/в
1230,"20,5",,,"4,1",,,,,12,Ст-1/л/в
1231,"20,4",,,"4,0",,,,,12,Ст-1/п/в
1248,"25,6",,,"4,6",,,,,12,Ст-2/в
1249,"25,2",,,"4,5",,,,,12,Ст-3/в
1250,"22,8",,,"3,6",,,,,12,Ст-4/в
1251,"19,4",,,"4,4",,,,,12,Ст-5/в
1252,"20,6",,,"3,8",,,,,12,Ст-6/в
1201,"22,3","11,1","12,8","4,8","3,1",,,,12,2К-1/в
1202,"21,0","9,3",,"4,6",,,,,12,1К-Е-1/п/в
1203,"20,1","9,3",,"4,6",,,,,12,1К-Е-1/л/в
1204,"19,8",,,"3,5",,,,,12,Ст-1/п/в
1205,"22,3",,,"4,6",,,,,12,Ст-1/л/в
1206,"22,4",,,"4,5",,,,,12,Ст-1/п/в
1207,"20,5",,,"3,8",,,,,12,Ст-1/л/в
1208,"20,5",,,"3,8",,,,,12,Ст-1/п/в
1209,"21,8","15,3","15,3","6,0",,,,,12,2К-2/в
1210,"22,9","9,7",,"4,2",,,,,12,1К-Е-2/в
1211,"21,1",,,"4,3","2,0",,,,12,Кф-1/в
1212,"25,6","9,7",,"4,2","3,1",,,,12,1К-Е-5/в
1332,"21,1",,,"4,1",,,,,13,Ст-1/л/в
1333,"21,1",,,"4,1",,,,,13,Ст-1/п/в
1334,"21,1",,,"4,1",,,,,13,Ст-1/л/в
1335,"21,0",,,"4,1",,,,,13,Ст-1/п/в
1336,"21,0",,,"4,1",,,,,13,Ст-1/л/в
1337,"21,0",,,"4,1",,,,,13,Ст-1/п/в
1338,"21,0",,,"4,1",,,,,13,Ст-1/л/в
806,"22,3",,,"4,5",,,,,8,Ст-1/п/в
1340,"20,4",,,"4,0",,,,,13,Ст-1/л/в
1341,"20,6",,,"4,1",,,,,13,Ст-1/п/в
1342,"10,1","22,7",,"4,0",,,,,13,1К-4/п/в
1343,"20,1",,,"5,6",,,,,13,Ст-МГН-2/в
1344,"21,2",,,"4,1",,,,,13,Ст-1/п/в
1313,"20,9","10,3",,"4,1",,,,,13,1К-Е-1/п/в
1314,"20,7","10,2",,"4,0",,,,,13,1К-Е-1/л/в
1315,"20,7",,,"6,8",,,,,13,Кф-МГН-1/п/в
1316,"20,8","11,4",,"5,2",,,,,13,1К-МГН-Е-1/п/в
1317,"21,0","11,4",,"5,2",,,,,13,1К-МГН-Е-1/л/в
1318,"21,3",,,"5,1",,,,,13,Кф-2/л/в
842,"21,0",,,"4,0",,,,,8,Ст-1/п/в
1320,"23,4","10,3",,"4,1",,,,,13,1К-Е-1/л/в
1321,"22,0",,,"4,7",,,,,13,Кф-2/л/в
1322,"20,9","10,3",,"4,0",,,,,13,1К-Е-1/п/в
1323,"23,0","10,3",,"4,1","1,6",,,,13,1К-Е-4/в
1324,"21,4",,,"4,1",,,,,13,Ст-1/л/в
1325,"19,8",,,"5,5",,,,,13,Ст-МГН-1/в
1326,"10,1","22,7",,"4,0",,,,,13,1К-4/л/в
1327,"19,3",,,"4,3","2,1",,,,13,Кф-3/п/в
1328,"17,9",,,"4,6",,,,,13,Км/п/в
1329,"18,9",,,"4,3","2,1",,,,13,Кф-3/л/в
1330,"20,6",,,"4,0",,,,,13,Ст-1/л/в
1331,"20,5",,,"4,0",,,,,13,Ст-1/п/в
1345,"25,6",,,"4,6",,,,,13,Ст-2/в
1346,"25,3",,,"4,6",,,,,13,Ст-3/в
1347,"22,8",,,"3,7",,,,,13,Ст-4/в
1348,"19,3",,,"4,4",,,,,13,Ст-5/в
1349,"20,6",,,"3,8",,,,,13,Ст-6/в
1301,"22,3","11,2","12,8","4,8","3,1",,,,13,2К-1/в
1302,"21,0","9,4",,"4,6",,,,,13,1К-Е-1/п/в
1303,"20,1","9,2",,"4,6",,,,,13,1К-Е-1/л/в
1304,"19,7",,,"3,5",,,,,13,Ст-1/п/в
1305,"22,3",,,"4,6",,,,,13,Ст-1/л/в
1306,"22,3",,,"4,6",,,,,13,Ст-1/п/в
1307,"20,3",,,"3,8",,,,,13,Ст-1/л/в
1308,"20,5",,,"3,9",,,,,13,Ст-1/п/в
1139,"20,9",,,"4,1",,,,,11,Ст-1/п/в
1310,"22,9","9,7",,"4,3",,,,,13,1К-Е-2/в
1311,"21,1",,,"4,3","2,0",,,,13,Кф-1/в
1312,"25,5","9,7",,"4,2","3,1",,,,13,1К-Е-5/в
1432,"21,0",,,"4,1",,,,,14,Ст-1/л/в
1433,"21,1",,,"4,1",,,,,14,Ст-1/п/в
1434,"21,0",,,"4,1",,,,,14,Ст-1/л/в
1435,"21,1",,,"4,1",,,,,14,Ст-1/п/в
1436,"21,0",,,"4,0",,,,,14,Ст-1/л/в
1437,"21,0",,,"4,1",,,,,14,Ст-1/п/в
1438,"21,0",,,"4,1",,,,,14,Ст-1/л/в
1439,"20,9",,,"4,1",,,,,14,Ст-1/п/в
1440,"20,1",,,"5,6",,,,,14,Ст-МГН-2/в
1413,"20,0",,,"4,1",,,,,14,Ст-7/в
1414,"20,8","10,3",,"4,1",,,,,14,1К-Е-1/л/в
1415,"20,9",,,"6,9",,,,,14,Кф-МГН-1/п/в
1416,"21,0","11,5",,"5,2",,,,,14,1К-МГН-Е-1/п/в
1417,"21,0","11,4",,"5,2",,,,,14,1К-МГН-Е-1/л/в
1418,"21,3",,,"5,1",,,,,14,Кф-2/л/в
1419,"23,4","10,3",,"4,1",,,,,14,1К-К-1/п/в
1339,"21,0",,,"4,1",,,,,13,Ст-1/п/в
1421,"22,0",,,"4,8",,,,,14,Кф-2/л/в
1422,"20,9","10,3",,"4,1",,,,,14,1К-Е-1/п/в
1423,"23,0","10,3",,"4,1","1,6",,,,14,1К-Е-4/в
570,"25,6",,,"4,5",,,,,5,Ст-2/в
1425,"19,8",,,"5,5",,,,,14,Ст-МГН-1/в
1426,"10,0","22,7",,"4,0",,,,,14,1К-4/л/в
1427,"19,1",,,"4,2","2,1",,,,14,Кф-3/п/в
1428,"17,7",,,"4,6",,,,,14,Км/п/в
1429,"18,6",,,"4,2","2,1",,,,14,Кф-3/л/в
1430,"20,5",,,"4,1",,,,,14,Ст-1/л/в
1431,"20,3",,,"4,0",,,,,14,Ст-1/п/в
1442,"25,7",,,"4,5",,,,,14,Ст-2/в
1443,"25,2",,,"4,5",,,,,14,Ст-3/в
1444,"22,9",,,"3,7",,,,,14,Ст-4/в
1445,"19,4",,,"4,4",,,,,14,Ст-5/в
1446,"20,7",,,"3,8",,,,,14,Ст-6/в
1401,"22,3","11,1","12,9","4,7","3,1",,,,14,2К-1/в
1402,"21,1","9,4",,"4,6",,,,,14,1К-Е-1/п/в
1403,"20,1","9,2",,"4,6",,,,,14,1К-Е-1/л/в
1404,"19,7",,,"3,5",,,,,14,Ст-1/п/в
1405,"22,4",,,"4,6",,,,,14,Ст-1/л/в
1406,"22,4",,,"4,5",,,,,14,Ст-1/п/в
1407,"20,5",,,"3,8",,,,,14,Ст-1/л/в
1408,"20,6",,,"3,8",,,,,14,Ст-1/п/в
1409,"53,3","14,4","21,8","6,0",,"16,4","6,0",,14,2уЛ-1/в
1410,"32,8","11,8","9,4","4,2",,"11,2","4,3",,14,2уЛ-2/в
1411,"23,4",,"13,7","4,2",,"9,1","4,2",,14,2уЛ-3/в
1412,"35,7","11,8","9,5","4,3","3,0","13,8","4,2","3,1",14,2уЛ-4/в
1613,"25,7",,,"4,9",,,,,16,Ст-2/в
1614,"25,2",,,"4,9",,,,,16,Ст-3/в
1615,"22,8",,,"4,0",,,,,16,Ст-4/в
1616,"19,3",,,"4,7",,,,,16,Ст-5/в
1617,"20,6",,,"4,2",,,,,16,Ст-6/в
1601,"22,4","11,1","12,8","5,1","3,1",,,,16,2К-1/в
1602,"21,1","9,4",,"4,9",,,,,16,1К-Е-1/п/в
1603,"20,1","9,3",,"4,9",,,,,16,1К-Е-1/л/в
1604,"19,7",,,"3,9",,,,,16,Ст-1/п/в
1605,"22,3",,,"4,9",,,,,16,Ст-1/л/в
1606,"22,3",,,"4,9",,,,,16,Ст-1/п/в
1607,"20,4",,,"4,2",,,,,16,Ст-1/л/в
1608,"20,5",,,"4,2",,,,,16,Ст-1/п/в
1609,"21,9","15,3","15,3","6,3",,,,,16,2К-2/в
1610,"22,9","9,7",,"4,6",,,,,16,1К-Е-2/в
1611,"21,1",,,"4,6","2,0",,,,16,Кф-1/в
1612,"25,5","9,7",,"4,6","3,0",,,,16,1К-Е-5/в
1713,"25,7",,,"4,6",,,,,17,Ст-2/в
1714,"25,3",,,"4,6",,,,,17,Ст-3/в
1715,"23,0",,,"3,6",,,,,17,Ст-4/в
1716,"19,4",,,"4,4",,,,,17,Ст-5/в
1717,"20,7",,,"3,8",,,,,17,Ст-6/в
1701,"22,3","11,1","12,9","4,8","3,1",,,,17,2К-1/в
1702,"21,1","9,4",,"4,6",,,,,17,1К-Е-1/п/в
1703,"20,1","9,2",,"4,6",,,,,17,1К-Е-1/л/в
1704,"19,8",,,"3,5",,,,,17,Ст-1/п/в
1705,"22,3",,,"4,5",,,,,17,Ст-1/л/в
1706,"22,3",,,"4,6",,,,,17,Ст-1/п/в
1707,"20,5",,,"3,8",,,,,17,Ст-1/л/в
1708,"20,5",,,"3,8",,,,,17,Ст-1/п/в
1709,"21,8","15,4","15,3","6,0",,,,,17,2К-2/в
1710,"22,8","9,7",,"4,2",,,,,17,1К-Е-2/в
1711,"21,1",,,"4,2","2,0",,,,17,Кф-1/в
1712,"25,5","9,7",,"4,2","3,1",,,,17,1К-Е-5/в
1813,"25,7",,,"4,6",,,,,18,Ст-2/в
1814,"25,2",,,"4,5",,,,,18,Ст-3/в
1815,"22,9",,,"3,7",,,,,18,Ст-4/в
1816,"19,4",,,"4,4",,,,,18,Ст-5/в
1817,"20,7",,,"3,8",,,,,18,Ст-6/в
1801,"22,3","11,1","12,9","4,8","3,1",,,,18,2К-1/в
1802,"21,1","9,4",,"4,6",,,,,18,1К-Е-1/п/в
1803,"20,1","9,3",,"4,5",,,,,18,1К-Е-1/л/в
1804,"19,7",,,"3,5",,,,,18,Ст-1/п/в
1805,"22,5",,,"4,6",,,,,18,Ст-1/л/в
1806,"22,3",,,"4,6",,,,,18,Ст-1/п/в
1807,"20,5",,,"3,9",,,,,18,Ст-1/л/в
1808,"20,6",,,"3,8",,,,,18,Ст-1/п/в
1809,"22,0","15,3","15,2","6,0",,,,,18,2К-2/в
1810,"22,9","9,7",,"4,3",,,,,18,1К-Е-2/в
1811,"21,1",,,"4,2","2,0",,,,18,Кф-1/в
1812,"25,6","9,7",,"4,3","3,0",,,,18,1К-Е-5/в
1913,"25,7",,,"4,6",,,,,19,Ст-2/в
1914,"25,2",,,"4,6",,,,,19,Ст-3/в
1915,"22,9",,,"3,7",,,,,19,Ст-4/в
1916,"19,3",,,"4,4",,,,,19,Ст-5/в
1917,"20,7",,,"3,8",,,,,19,Ст-6/в
1901,"22,3","11,1","12,8","4,8","3,1",,,,19,2К-1/в
1902,"21,0","9,4",,"4,6",,,,,19,1К-Е-1/п/в
1903,"20,1","9,2",,"4,5",,,,,19,1К-Е-1/л/в
1904,"19,7",,,"3,5",,,,,19,Ст-1/п/в
1905,"22,4",,,"4,6",,,,,19,Ст-1/л/в
1906,"22,4",,,"4,6",,,,,19,Ст-1/п/в
1907,"20,4",,,"3,8",,,,,19,Ст-1/л/в
1908,"20,5",,,"3,8",,,,,19,Ст-1/п/в
1909,"21,9","15,3","15,3","6,0",,,,,19,2К-2/в
1910,"22,9","9,7",,"4,2",,,,,19,1К-Е-2/в
1911,"21,1",,,"4,2","2,0",,,,19,Кф-1/в
1912,"25,4","9,7",,"4,2","3,1",,,,19,1К-Е-5/в
2013,"25,8",,,"4,6",,,,,20,Ст-2/в
2014,"25,2",,,"4,5",,,,,20,Ст-3/в
2015,"22,9",,,"3,7",,,,,20,Ст-4/в
2016,"19,3",,,"4,4",,,,,20,Ст-5/в
2017,"20,7",,,"3,8",,,,,20,Ст-6/в
2001,"22,3","11,1","12,8","4,8","3,1",,,,20,2К-1/в
2002,"21,1","9,4",,"4,6",,,,,20,1К-Е-1/п/в
2003,"20,1","9,2",,"4,6",,,,,20,1К-Е-1/л/в
2004,"19,7",,,"3,5",,,,,20,Ст-1/п/в
2005,"22,3",,,"4,6",,,,,20,Ст-1/л/в
2006,"22,4",,,"4,5",,,,,20,Ст-1/п/в
2007,"20,4",,,"3,8",,,,,20,Ст-1/л/в
2008,"20,6",,,"3,8",,,,,20,Ст-1/п/в
2009,"22,0","15,3","15,3","6,0",,,,,20,2К-2/в
2010,"22,9","9,7",,"4,3",,,,,20,1К-Е-2/в
2011,"21,0",,,"4,3","2,0",,,,20,Кф-1/в
2012,"25,4","9,7",,"4,3","3,0",,,,20,1К-Е-5/в
2113,"25,7",,,"4,6",,,,,21,Ст-2/в
2114,"25,1",,,"4,6",,,,,21,Ст-3/в
2115,"22,8",,,"3,7",,,,,21,Ст-4/в
2116,"19,3",,,"4,4",,,,,21,Ст-5/в
2117,"20,7",,,"3,8",,,,,21,Ст-6/в
2101,"22,4","11,1","12,8","4,8","3,1",,,,21,2К-1/в
2102,"21,0","9,4",,"4,6",,,,,21,1К-Е-1/п/в
2103,"20,2","9,2",,"4,5",,,,,21,1К-Е-1/л/в
2104,"19,7",,,"3,5",,,,,21,Ст-1/п/в
2105,"22,3",,,"4,6",,,,,21,Ст-1/л/в
2106,"22,4",,,"4,6",,,,,21,Ст-1/п/в
2107,"20,3",,,"3,8",,,,,21,Ст-1/л/в
2108,"20,5",,,"3,8",,,,,21,Ст-1/п/в
2109,"21,9","15,3","15,3","6,0",,,,,21,2К-2/в
2110,"22,9","9,7",,"4,3",,,,,21,1К-Е-2/в
2111,"21,1",,,"4,2","2,0",,,,21,Кф-1/в
2112,"25,5","9,7",,"4,3","3,1",,,,21,1К-Е-5/в
2213,"25,7",,,"4,6",,,,,22,Ст-2/в
2214,"25,2",,,"4,6",,,,,22,Ст-3/в
2215,"22,9",,,"3,7",,,,,22,Ст-4/в
2216,"19,4",,,"4,4",,,,,22,Ст-5/в
2217,"20,6",,,"3,8",,,,,22,Ст-6/в
2201,"22,4","11,1","12,8","4,8","3,1",,,,22,2К-1/в
2202,"21,0","9,4",,"4,6",,,,,22,1К-Е-1/п/в
2203,"20,2","9,3",,"4,5",,,,,22,1К-Е-1/л/в
2204,"19,7",,,"3,5",,,,,22,Ст-1/п/в
2205,"22,3",,,"4,6",,,,,22,Ст-1/л/в
2206,"22,3",,,"4,6",,,,,22,Ст-1/п/в
2207,"20,5",,,"3,8",,,,,22,Ст-1/л/в
2208,"20,5",,,"3,8",,,,,22,Ст-1/п/в
670,"25,6",,,"4,5",,,,,6,Ст-2/в
2210,"23,0","9,7",,"4,2",,,,,22,1К-Е-2/в
2211,"21,0",,,"4,3","2,0",,,,22,Кф-1/в
2212,"25,5","9,7",,"4,3","3,1",,,,22,1К-Е-5/в
2313,"25,6",,,"4,5",,,,,23,Ст-2/в
2314,"25,2",,,"4,6",,,,,23,Ст-3/в
2315,"22,9",,,"3,6",,,,,23,Ст-4/в
2316,"19,2",,,"4,4",,,,,23,Ст-5/в
2317,"20,6",,,"3,8",,,,,23,Ст-6/в
2301,"22,3","11,1","12,8","4,8","3,1",,,,23,2К-1/в
2302,"21,1","9,4",,"4,6",,,,,23,1К-Е-1/п/в
2303,"20,2","9,3",,"4,6",,,,,23,1К-Е-1/л/в
2304,"19,7",,,"3,5",,,,,23,Ст-1/п/в
2305,"22,3",,,"4,5",,,,,23,Ст-1/л/в
2306,"22,3",,,"4,6",,,,,23,Ст-1/п/в
2307,"20,5",,,"3,8",,,,,23,Ст-1/л/в
2308,"20,5",,,"3,8",,,,,23,Ст-1/п/в
2309,"21,9","15,4","15,2","6,0",,,,,23,2К-2/в
2310,"22,9","9,7",,"4,3",,,,,23,1К-Е-2/в
2311,"21,0",,,"4,3","2,0",,,,23,Кф-1/в
2312,"25,5","9,7",,"4,2","3,0",,,,23,1К-Е-5/в
2413,"25,6",,,"4,6",,,,,24,Ст-2/в
2414,"25,2",,,"4,5",,,,,24,Ст-3/в
2415,"22,9",,,"3,7",,,,,24,Ст-4/в
2416,"19,5",,,"4,4",,,,,24,Ст-5/в
2417,"20,6",,,"3,8",,,,,24,Ст-6/в
2401,"22,3","11,1","12,8","4,8","3,1",,,,24,2К-1/в
2402,"21,1","9,4",,"4,6",,,,,24,1К-Е-1/п/в
2403,"20,2","9,3",,"4,5",,,,,24,1К-Е-1/л/в
2404,"19,7",,,"3,5",,,,,24,Ст-1/п/в
2405,"22,3",,,"4,5",,,,,24,Ст-1/л/в
2406,"22,3",,,"4,6",,,,,24,Ст-1/п/в
2407,"20,4",,,"3,8",,,,,24,Ст-1/л/в
2408,"20,5",,,"3,8",,,,,24,Ст-1/п/в
371,"25,3",,,"4,9",,,,,3,Ст-3
2410,"22,9","9,7",,"4,3",,,,,24,1К-Е-2/в
2411,"21,0",,,"4,3","2,0",,,,24,Кф-1/в
2412,"25,5","9,7",,"4,2","3,0",,,,24,1К-Е-5/в
2513,"25,6",,,"4,5",,,,,25,Ст-2/в
2514,"25,2",,,"4,6",,,,,25,Ст-3/в
2515,"22,9",,,"3,7",,,,,25,Ст-4/в
2516,"19,4",,,"4,4",,,,,25,Ст-5/в
2517,"20,6",,,"3,8",,,,,25,Ст-6/в
2501,"22,3","11,1","12,8","4,8","3,1",,,,25,2К-1/в
2502,"21,1","9,4",,"4,6",,,,,25,1К-Е-1/п/в
2503,"20,2","9,2",,"4,6",,,,,25,1К-Е-1/л/в
2504,"19,7",,,"3,5",,,,,25,Ст-1/п/в
2505,"22,4",,,"4,6",,,,,25,Ст-1/л/в
2506,"22,3",,,"4,6",,,,,25,Ст-1/п/в
2507,"20,5",,,"3,8",,,,,25,Ст-1/л/в
2508,"20,5",,,"3,8",,,,,25,Ст-1/п/в
2509,"21,8","15,3","15,2","6,0",,,,,25,2К-2/в
2510,"22,9","9,7",,"4,2",,,,,25,1К-Е-2/в
2511,"21,1",,,"4,3","2,0",,,,25,Кф-1/в
571,"25,0",,,"4,5",,,,,5,Ст-3/в
2613,"25,6",,,"4,5",,,,,26,Ст-2/в
2614,"25,2",,,"4,5",,,,,26,Ст-3/в
2615,"22,9",,,"3,7",,,,,26,Ст-4/в
2616,"19,4",,,"4,4",,,,,26,Ст-5/в
2617,"20,7",,,"3,8",,,,,26,Ст-6/в
2601,"22,4","11,1","12,8","4,8","3,1",,,,26,2К-1/в
2602,"21,1","9,4",,"4,6",,,,,26,1К-Е-1/п/в
2603,"20,2","9,3",,"4,5",,,,,26,1К-Е-1/л/в
2604,"19,7",,,"3,5",,,,,26,Ст-1/п/в
2605,"22,4",,,"4,6",,,,,26,Ст-1/л/в
2606,"22,3",,,"4,5",,,,,26,Ст-1/п/в
2607,"20,4",,,"3,9",,,,,26,Ст-1/л/в
2608,"20,5",,,"3,8",,,,,26,Ст-1/п/в
2609,"21,9","15,3","15,2","6,0",,,,,26,2К-2/в
2610,"22,8","9,7",,"4,2",,,,,26,1К-Е-2/в
2611,"21,2",,,"4,2","2,0",,,,26,Кф-1/в
2612,"25,5","9,7",,"4,3","3,0",,,,26,1К-Е-5/в
2713,"25,6",,,"4,6",,,,,27,Ст-2/в
2714,"25,3",,,"4,5",,,,,27,Ст-3/в
2715,"22,9",,,"3,7",,,,,27,Ст-4/в
2716,"19,4",,,"4,4",,,,,27,Ст-5/в
2717,"20,7",,,"3,8",,,,,27,Ст-6/в
2701,"22,3","11,1","12,8","4,8","3,1",,,,27,2К-1/в
2702,"21,1","9,4",,"4,6",,,,,27,1К-Е-1/п/в
2703,"20,1","9,2",,"4,6",,,,,27,1К-Е-1/л/в
2704,"19,7",,,"3,5",,,,,27,Ст-1/п/в
2705,"22,4",,,"4,5",,,,,27,Ст-1/л/в
2706,"22,4",,,"4,6",,,,,27,Ст-1/п/в
2707,"20,4",,,"3,8",,,,,27,Ст-1/л/в
2708,"20,5",,,"3,8",,,,,27,Ст-1/п/в
2709,"21,9","15,3","15,2","6,0",,,,,27,2К-2/в
2710,"22,9","9,7",,"4,3",,,,,27,1К-Е-2/в
2711,"21,1",,,"4,3","2,0",,,,27,Кф-1/в
671,"25,1",,,"4,5",,,,,6,Ст-3/в
2813,"25,6",,,"4,6",,,,,28,Ст-2/в
2814,"25,3",,,"4,5",,,,,28,Ст-3/в
2815,"22,8",,,"3,7",,,,,28,Ст-4/в
2816,"19,3",,,"4,4",,,,,28,Ст-5/в
2817,"20,6",,,"3,8",,,,,28,Ст-6/в
2801,"22,2","11,1","12,9","4,8","3,1",,,,28,2К-1/в
2802,"21,1","9,4",,"4,6",,,,,28,1К-Е-1/п/в
2803,"20,2","9,3",,"4,5",,,,,28,1К-Е-1/л/в
2804,"19,7",,,"3,5",,,,,28,Ст-1/п/в
2805,"22,3",,,"4,6",,,,,28,Ст-1/л/в
2806,"22,3",,,"4,6",,,,,28,Ст-1/п/в
2807,"20,5",,,"3,8",,,,,28,Ст-1/л/в
2808,"20,6",,,"3,8",,,,,28,Ст-1/п/в
2809,"21,9","15,3","15,2","6,0",,,,,28,2К-2/в
2810,"22,9","9,7",,"4,3",,,,,28,1К-Е-2/в
2811,"21,0",,,"4,3","2,0",,,,28,Кф-1/в
672,"22,8",,,"3,6",,,,,6,Ст-4/в
2911,"25,6",,,"4,5",,,,,29,Ст-2/в
2912,"25,2",,,"4,6",,,,,29,Ст-3/в
2913,"22,9",,,"3,7",,,,,29,Ст-4/в
2914,"19,3",,,"4,4",,,,,29,Ст-5/в
2915,"20,6",,,"3,8",,,,,29,Ст-6/в
2901,"22,4","11,1","12,9","4,8","3,1",,,,29,2К-1/в
2902,"21,1","9,4",,"4,6",,,,,29,1К-Е-1/п/в
2903,"20,1","9,3",,"4,5",,,,,29,1К-Е-1/л/в
2904,"19,7",,,"3,5",,,,,29,Ст-1/п/в
2905,"22,4",,,"4,6",,,,,29,Ст-1/л/в
2906,"22,3",,,"4,6",,,,,29,Ст-1/п/в
2907,"25,9","14,1",,"4,3",,,"4,8",,29,0
2908,"22,0","15,2","15,2","6,0",,,,,29,2К-2/в
2909,"22,9","9,7",,"4,3",,,,,29,1К-Е-2/в
2910,"21,1",,,"4,2","2,0",,,,29,Кф-1/в
2910-2,"25,5","9,7",,"4,3","3,1",,,,29,0